category	frequency	pct
18-24	26	0.114537445
25-34	117	0.515418502
35-44	50	0.220264317
45-54	23	0.101321586
55-64	9	0.039647577
65-74	2	0.008810573
75+	0	0.0